Plot ID,Sp no,Plot ID_Sp no,Leaf wet mass,Above ground mass,Stem mass,Root mass,Stem length,Root length,Species ID,Stem dry mass,Root dry mass,Leaf1,Leaf2,Leaf other
EXTR1,S7,EXTR1_S7,0.32,0.79,0.21,0.49,12,27.5,Cin,0.094,0.246,0.069,NA,0.188
KDM41,S13,KDM41_S13,0.63,3.88,1.88,1.83,38,19,Cin,NA,NA,NA,NA,NA
KDM41,S13(2),KDM41_S13(2),0.59,3.63,2.1,4.72,30.5,27.5,Cin,1.247,2.871,0.109,0.087,0.523
KT4,S1(1),KT4_S1(1),0.26,1.19,0.7,0.57,21,11,Cin,NA,NA,NA,NA,NA
KT4,S1(2),KT4_S1(2),0.46,2.77,1.48,0.56,31.5,10.6,Cin,0.666,0.264,0.071,0.058,0.337
KT11,S4,KT11_S4,0.27,0.91,0.34,0.24,15,11.5,Cin,0.125,0.102,0.044,0.047,0.109
DG2,S5,DG2_S5,0.51,1.49,0.62,0.16,23.1,6.2,Cin,0.274,0.08,0.104,0.081,0.149
VG25,S2(1),VG25_S2(1),0.74,3.03,1.16,1.46,26.4,23,Cin,NA,NA,NA,NA,NA
VG25,S2(2),VG25_S2(2),1.53,9.69,2.83,3.22,42.6,21.6,Cin,NA,NA,NA,NA,NA
VG29,S5,VG29_S5,0.66,3.81,1.66,1.69,25.2,26.4,Cin,0.878,1.026,0.297,0.633,NA
VG40,S2,VG40_S2,1.2,5.94,0.46,4.87,NA,NA,Cin,NA,NA,NA,NA,NA
DG12,S1,DG12_S1,0.18,2.24,1.23,0.23,30.4,1.2,Cin,NA,NA,NA,NA,NA
DG13,S8,DG13_S8,0.38,2.35,1.81,0.65,27.4,9.6,Cin,0.941,0.371,0.178,NA,0.057
DG14,S4(1),DG14_S4(1),0.38,3.93,1.53,1.32,31.4,10.4,Cin,1.141,0.731,0.106,0.124,1.101
DG14,S4(2),DG14_S4(2),0.18,0.8,0.41,0.46,19.8,14,Cin,0.325,0.363,0.097,0.076,0.18
DG14,S4(3),DG14_S4(3),NA,1.32,0.99,0.94,23,19,Cin,0.6,0.572,0.07,0.113,0.111
DG10,S5(1),DG10_S5(1),0.14,0.67,0.22,0.34,14.8,4.4,Cin,0.083,0.107,0.037,0.036,0.122
DG10,S5(2),DG10_S5(2),NA,3.69,2.08,3.16,32.7,18.8,Cin,1.556,1.955,0.313,NA,1.311
DG10,S5(3),DG10_S5(3),0.69,2.91,1.28,NA,19.6,NA,Cin,0.55,1.458,0.153,NA,0.243
DG10,S5(4),DG10_S5(4),NA,4.24,3.1,NA,39,NA,Cin,1.455,1,0.22,0.073,0.996
DG17,S5(1),DG17_S5(1),0.38,2.25,1.07,0.49,30.8,5.6,Cin,2.804,5.091,0.121,0.103,0.47
DG17,S5(2),DG17_S5(2),0.52,1.37,0.41,1.28,15.6,18.6,Cin,1.064,1.067,0.021,0.033,0.128
KDM42,S3,KDM42_S3,0.15,0.95,0.48,0.2,17,5,ClaDen,0.253,0.072,NA,NA,NA
KDM17,S2,KDM17_S2,0.58,4.24,1.72,2.51,24.1,16.5,ClaDen,0.942,1.302,NA,NA,0.91
KDM36,S4,KDM36_S4,0.68,7.28,3.98,3.85,40,10.6,ClaDen,2.423,2.64,0.177,0.19,1.739
KT35,S2,KT35_S2,1.22,3.97,1.51,1.56,21.4,11.5,ClaDen,0.907,0.821,0.316,0.327,2.904
VG3,S2(1),VG3_S2(1),NA,0.38,0.2,0.26,16,15.4,ClaDen,0.172,0.19,NA,NA,0.166
VG3,S2(2),VG3_S2(2),NA,0.6,0.51,1.19,22,19.2,ClaDen,0.3,0.703,0.025,0.019,0.023
VG3,S2(3),VG3_S2(3),NA,0.54,0.38,0.72,19,14.8,ClaDen,0.26,0.458,NA,NA,0.153
VG10,S4,VG10_S4,NA,1.97,1.17,1.57,28.4,20.4,ClaDen,0.681,0.241,0.167,0.162,0.154
VG25,S3,VG25_S3,0.28,1.73,0.65,0.77,18.8,20.4,ClaDen,NA,NA,NA,NA,NA
VG27,S7(1),VG27_S7(1),0.51,1.19,0.34,0.07,16,1.8,ClaDen,0.143,NA,0.103,0.089,0.099
VG27,S7(2),VG27_S7(2),0.25,0.8,0.49,0.32,23.5,16.8,ClaDen,0.305,0.217,0.057,0.067,0.025
VG27,S7(3),VG27_S7(3),NA,0.55,0.18,0.11,13.8,7.5,ClaDen,0.062,0.054,NA,NA,0.107
VG27,S7(4),VG27_S7(4),0.39,1.01,0.36,0.48,17.5,13.6,ClaDen,0.182,0.274,0.07,0.072,0.11
VG27,S7(5),VG27_S7(5),0.35,0.91,0.26,0.12,16.5,5,ClaDen,0.114,0.07,0.058,0.041,0.102
VG27,S7(6),VG27_S7(6),0.37,1.56,0.93,0.39,24.5,8,ClaDen,0.543,0.257,0.08,0.069,0.104
VG27,S7(7),VG27_S7(7),0.15,0.91,0.4,0.23,26.2,10.8,ClaDen,0.194,0.134,0.035,0.019,0.144
VG27,S7(8),VG27_S7(8),0.19,0.81,0.26,0.27,14.6,6,ClaDen,0.128,0.154,0.047,NA,0.136
VG41,S4(1),VG41_S4(1),0.09,0.31,0.12,0.22,8.4,10.8,ClaDen,0.068,0.13,0.057,NA,0.045
VG43,S3(1),VG43_S3(1),0.32,1.14,0.32,0.47,12,10,ClaDen,0.169,0.234,0.085,0.037,0.195
KT15,S2,KT15_S2,1.56,7.95,3.09,3.91,37,25.6,Comp,1.563,2.202,NA,0.632,1.154
KT4,S4,KT4_S4,0.23,1.22,0.45,0.58,20.4,20.8,Comp,0.18,0.29,NA,0.074,0.171
VG6,S5,VG6_S5,1.71,4.39,1.96,2.14,28.4,25.4,Comp,1.084,1.29,NA,0.699,0.337
KT25,S1,KT25_S1,0.43,1.14,0.32,0.34,11.6,16.5,Comp,0.13,0.163,NA,0.125,0.141
KT12,S2,KT12_S2,0.12,0.82,0.33,0.27,13.8,10.2,Comp,0.151,0.16,NA,0.49,0.136
KT14,S6,KT14_S6,0.21,0.87,0.28,0.18,11.8,6.4,Comp,0.133,0.103,NA,0.096,0.147
VG43,S3(2),VG43_S3(2),0.16,1.09,0.47,0.35,16.8,12.4,Comp,0.314,0.232,NA,0.111,0.298
VG43,S3(3),VG43_S3(3),,0.52,0.12,0.16,11.2,8.4,Comp,0.075,0.091,NA,NA,0.21
KT5,S2,KT5_S2,0.81,6.87,4.61,6.11,44.6,34,GarMor,2.439,3.255,0.152,0.155,0.469
KT6,S1(1),KT6_S1(1),0.88,5.28,1.65,4.35,26.5,32.6,GarMor,0.907,2.703,0.205,0.134,1.033
KT6,S1(2),KT6_S1(2),0.38,1.55,0.49,1.39,13.4,17.5,GarMor,0.239,0.75,0.085,0.066,0.252
KT19,S2,KT19_S2,0.72,4.82,3.15,4.86,25.2,22.6,GarMor,1.627,2.651,0.141,0.135,0.356
KT33,S3,KT33_S3,0.36,2.19,0.99,0.43,19.2,13.6,GarMor,NA,NA,NA,NA,NA
KT33,S6,KT33_S6,0.94,7.01,2.09,8.62,22.6,37.6,GarMor,1.111,5.33,0.236,0.158,1.377
KT36,S1,KT36_S1,0.83,3.76,0.88,6.06,15,36,GarMor,3.399,NA,0.142,0.145,0.752
KT36,S2,KT36_S2,1.19,7.39,3.69,6.1,31.4,23.8,GarMor,NA,NA,NA,NA,NA
KT35,S3(1),KT35_S3(1),1.26,11.42,6.94,9.17,43.4,36,GarMor,3.875,5.275,0.225,0.231,1.152
VG2,S1(1),VG2_S1(1),NA,5.59,1.29,6.82,42.6,35.8,GarMor,2.812,5.189,NA,NA,1.833
VG2,S1(2),VG2_S1(2),NA,5.56,4.36,7.9,47.2,35.5,GarMor,3.304,5.879,0.13,0.121,0.885
DG9,S4(1),DG9_S4(1),0.38,1.69,0.62,0.77,15.6,12.7,GarMor,0.334,0.444,0.078,0.09,0.246
DG9,S4(2),DG9_S4(2),1.07,4.92,1.23,1.92,21.1,19.1,GarMor,0.603,1.116,0.193,0.215,0.978
VG22,S2,VG22_S2,0.93,3.8,1.49,0.59,25.8,6.6,GarMor,0.146,0.218,NA,NA,0.34
VG31,S2(1),VG31_S2(1),0.99,3.2,0.79,0.85,17.2,13.2,GarMor,0.39,0.485,0.133,0.13,0.545
VG31,S2(2),VG31_S2(2),1.99,9.16,4.89,1.82,43.2,19.2,GarMor,2.553,1.097,0.394,0.355,0.921
VG32,S5(1),VG32_S5(1),0.46,2.18,1.11,0.45,32.2,13,GarMor,0.438,0.163,0.124,0.077,0.266
VG32,S5(2),VG32_S5(2),0.51,3.66,1.51,0.98,31,19.8,GarMor,0.999,0.575,0.154,0.127,0.824
VG32,S5(3),VG32_S5(3),0.16,2.01,1.12,0.4,33.6,9.6,GarMor,0.429,0.157,0.089,NA,0.408
VG37,S3(1),VG37_S3(1),0.47,2.27,0.91,0.58,20.4,8.4,GarMor,0.437,0.314,0.085,0.076,0.251
VG37,S3(2),VG37_S3(2),0.14,1.33,0.9,0.42,18,12.2,GarMor,0.274,0.152,0.033,NA,0.099
VG37,S3(3),VG37_S3(3),1.07,4.25,1.26,0.68,26.4,12.2,GarMor,0.459,0.25,0.154,0.132,0.627
KDM5,S1,KDM5_S1,1.02,7.69,4.38,1.96,37.5,19.1,Litsea,NA,NA,NA,NA,NA
EXTR1,S3(1),EXTR1_S3(1),0.92,3.71,1.71,2.93,16.5,24,Litsea,NA,NA,NA,NA,NA
KDM41,S17,KDM41_S17,0.52,2.59,1.42,0.7,25.5,15.5,Litsea,0.563,0.304,0.104,NA,0.464
KDM15,S3(1),KDM15_S3(1),0.39,1.67,0.81,0.74,21.6,12.4,Litsea,0.334,1.708,0.112,NA,0.161
KDM15,S3(2),KDM15_S3(2),0.2,0.58,0.19,0.15,11.8,8.6,Litsea,NA,NA,NA,NA,NA
KDM17,S1(1),KDM17_S1(1),0.55,2.8,0.74,0.57,19.4,9.6,Litsea,0.232,0.177,0.05,0.067,0.453
KDM17,S1(2),KDM17_S1(2),0.98,3.7,1.32,1.56,23.1,19.1,Litsea,0.527,0.791,0.174,0.13,0.548
KDM17,S1(3),KDM17_S1(3),0.32,1.27,0.37,NA,13.6,NA,Litsea,0.136,NA,0.047,0.05,0.167
KDM17,S1(4),KDM17_S1(4),0.26,0.78,0.38,0.2,12.5,4.1,Litsea,0.242,NA,0.05,NA,0.095
KDM17,S1(5),KDM17_S1(5),0.16,0.39,0.14,0.35,9.8,7.8,Litsea,0.046,0.125,0.042,NA,0.035
KDM17,S1(6),KDM17_S1(6),0.14,0.95,0.61,0.16,17.5,4.5,Litsea,0.227,0.084,0.062,0.05,NA
KDM35,S3(1),KDM35_S3(1),0.22,0.64,0.3,0.15,20.2,6.8,Litsea,0.124,0.06,0.034,0.048,0.036
KDM35,S3(2),KDM35_S3(2),0.4,1.62,0.86,0.26,24.2,5,Litsea,0.388,0.121,0.056,0.094,0.137
KDM35,S3(3),KDM35_S3(3),0.24,1.08,0.67,0.34,17,6,Litsea,0.282,0.095,0.072,0.027,0.048
KDM33,S1,KDM33_S1,0.47,1.45,0.65,0.62,17.8,16,Litsea,0.241,0.223,0.073,0.056,0.078
KDM34,S3,KDM34_S3,0.36,2.3,1.01,1,20.4,15.2,Litsea,0.367,0.308,0.077,NA,0.212
VG42,S5,VG42_S5,0.19,0.49,0.17,0.25,9.4,10,morph1,0.085,0.124,NA,0.064,0.042
VG42,S2,VG42_S2,0.23,0.99,0.59,0.8,21.4,15.3,morph1,0.35,0.51,NA,0.087,0.162
VG31,S3,VG31_S3,0.48,4.72,1.14,3.94,35,27.6,morph1,0.552,2.1,NA,0.195,1.336
VG10,S2,VG10_S2,0.22,1.28,0.62,0.84,14.6,12,morph1,1.1,0.482,NA,0.297,0.514
VG10,S1,VG10_S1,0.76,3.49,1.39,1.93,21.5,22.5,morph1,0.847,1.315,NA,0.404,0.679
KT15,S4,KT15_S4,0.55,1.71,0.91,0.85,14.2,16,morph1,0.342,0.368,NA,0.18,0.032
KT6,S4,KT6_S4,0.09,0.81,0.49,0.54,13.4,12,morph1,0.231,0.291,NA,0.027,0.056
KDM26,S4,KDM26_S4,0.18,0.63,0.27,0.42,11,13.8,morph1,0.136,0.195,NA,0.087,0.56
KDM28,S3,KDM28_S3,0.25,3.21,2.31,1.16,24.6,5.6,morph1,0.667,0.332,NA,0.041,0.113
KDM28,S2,KDM28_S2,0.56,2.22,0.79,2.32,12.6,40,morph1,0.366,1.093,NA,0.157,0.41
DG5,S1,DG5_S1,0.73,7.34,3.11,1.14,31.5,8.4,morph1,0.093,0.521,0.282,1.094,0.103
VG28,S4(1),VG28_S4(1),0.29,0.98,0.26,0.93,9.8,15.5,morph1,0.03,0.125,0.108,0.443,0.021
VG28,S4(2),VG28_S4(2),0.38,1.21,0.72,0.44,18.2,6.2,morph1,0.093,0.029,0.35,0.213,0.027
VG31,S1(1),VG31_S1(1),0.21,0.99,0.31,0.27,12.2,9.8,morph3,0.133,0.163,NA,0.065,0.143
VG31,S1(2),VG31_S1(2),0.18,0.69,0.24,0.16,11,8.6,morph3,0.1,0.062,NA,0.05,0.078
VG28,S3,VG28_S3,0.64,3.97,1.63,1.56,24.2,16,morph3,0.75,0.78,NA,0.218,0.56
VG9,S1,VG9_S1,0.85,1.26,0.41,0.58,9,19.2,morph3,0.766,1.1,NA,0.0265,0.649
KT9,S4(1),KT9_S4(1),0.22,0.93,0.35,0.17,13,8.2,morph3,0.148,0.94,NA,0.62,0.108
KT9,S4(2),KT9_S4(2),0.41,1.22,0.46,0.17,15.6,7.6,morph3,0.175,0.085,NA,0.072,0.118
KT9,S4(3),KT9_S4(3),0.12,0.62,0.3,0.1,13.5,6.5,morph3,0.138,0.061,NA,0.042,0.053
KT9,S4(4),KT9_S4(4),0.14,0.61,0.29,0.15,10.5,7,morph3,0.16,0.096,NA,0.059,0.076
KT10,S2(2),KT10_S2(2),0.15,0.59,0.31,0.12,15.2,4,morph4,0.12,0.049,NA,0.057,0.059
KT37,S3,KT37_S3,1.87,6.98,3.27,4.01,21. 4,40.6,morph4,1.485,1.983,NA,0.639,0.703
KT7,S2,KT7_S2,1.44,6.5,2.99,2.19,33.3,19.4,morph4,1.563,1.206,NA,0.676,0.966
KT10,S2(1),KT10_S2(1),0.99,2.56,1.3,1.48,21.4,11.8,morph4,0.655,0.774,NA,0.402,0.58
VG4,S1,VG4_S1,1.78,5.36,3.57,1.65,40,15,morph4,0.379,NA,NA,NA,0.652
KDM33,S1,KDM33_S1,0.47,1.45,0.65,0.62,17.8,16,morph4,0.056,0.078,0.241,0.223,0.073
KT19,S1,KT19_S1,2.24,14.88,6.9,2.49,40.2,19.4,olea,3.932,1.636,NA,0.914,2.279
KT15,S5,KT15_S5,0.39,1.43,0.66,0.66,9.2,15.2,olea,0.24,0.31,NA,0.133,0.135
VG9,S3,VG9_S3,0.85,3.33,1.26,1.45,24,17,olea,0.692,0.431,NA,0.257,0.026
DG5,S3,DG5_S3,0.27,1.38,0.5,0.27,14.8,7.2,olea,0.049,0.205,0.23,0.152,0.057
VG27,S2,VG27_S2,1.33,11.2,5.92,1.54,51.3,12,olea,3.696,0.991,NA,0.766,2.302
EXTR1,S12,EXTR1_S12,0.92,6.82,2.16,5.62,25,24,PsyMac,0.693,2.882,0.079,0.104,1.052
KDM41,S4,KDM41_S4,1.91,7.21,2.73,1.67,16,17,PsyMac,NA,NA,NA,NA,0.937
KDM41,S4,KDM41_S4,1.91,7.21,2.73,1.67,16,17,PsyMac,1.055,0.471,NA,NA,NA
KDM41,S4,KDM41_S4,1.91,7.21,2.73,1.67,16,17,PsyMac,0.598,0.994,NA,NA,NA
KDM15,S7(1),KDM15_S7(1),0.73,3.1,1.38,1.94,14.2,31.8,PsyMac,0.35,0.625,0.056,0.06,0.172
KDM15,S7(2),KDM15_S7(2),0.34,4.28,3.34,NA,26.6,NA,PsyMac,1.165,NA,0.041,0.032,0.099
KDM35,S1,KDM35_S1,0.15,1.27,0.7,0.38,14,12.2,PsyMac,0.159,0.125,0.015,0.02,0.076
KDM34,S1,KDM34_S1,1.15,6.47,2.34,2.81,19.4,23.6,PsyMac,0.543,0.743,0.117,0.073,0.542
KDM36,S2,KDM36_S2,0.85,4.41,1.72,2.93,25,13.6,PsyMac,0.588,1.374,0.092,0.104,0.493
KDM37,S2,KDM37_S2,1.49,6.47,2.6,1.03,30.6,10.2,PsyMac,1.188,0.595,0.202,0.201,0.78
KDM45,S3,KDM45_S3,0.15,0.66,0.21,0.19,13.8,11.2,PsyMac,0.095,0.103,0.033,0.057,0.097
VG40,S1(1),VG40_S1(1),NA,10.64,4.38,3.67,29,39.7,PsyMac,1.243,1.433,0.336,0.238,0.783
DG12,S6(1),DG12_S6(1),0.82,3.66,1.42,0.5,16.4,9.8,PsyMac,0.392,0.204,0.082,0.069,0.264
DG12,S6(5),DG12_S6(5),0.11,0.65,0.43,0.12,12.2,4.6,PsyMac,0.1,0.04,0.018,0.01,0.026
DG11,S2(1),DG11_S2(1),0.66,3.06,1.15,0.47,15.4,11,PsyMac,0.244,0.109,0.06,0.059,0.205
DG14,S5(1),DG14_S5(1),0.61,3.34,1.32,0.56,18.8,22.3,PsyMac,0.424,0.28,0.082,0.065,0.228
DG14,S5(2),DG14_S5(2),0.62,4.67,1.67,0.39,19.4,9,PsyMac,0.61,0.19,0.089,0.078,0.599
DG14,S5(3),DG14_S5(3),NA,0.62,0.31,0.15,10.8,4.6,PsyMac,0.127,0.058,NA,NA,0.192
DG14,S5(4),DG14_S5(4),NA,0.85,0.34,0.75,8.6,29.6,PsyMac,0.1,0.158,0.035,0.038,0.117
DG14,S5(5),DG14_S5(5),NA,1.48,0.69,1.5,20.4,15.4,PsyMac,0.461,1.015,NA,NA,0.646
DG14,S5(6),DG14_S5(6),NA,1.16,0.56,0.74,16.8,22.4,PsyMac,NA,NA,NA,NA,NA
DG16,S3(2),DG16_S3(2),NA,1.1,0.66,0.32,22.4,5.2,PsyMac,NA,NA,NA,NA,NA
DG20,S3(1),DG20_S3(1),0.74,8.51,5.38,3.87,29,44.2,PsyMac,2.243,2.044,0.133,0.133,1.111
DG20,S3(2),DG20_S3(2),0.64,3.83,1.74,7.08,23,50.4,PsyMac,0.332,0.413,0.072,NA,0.202
DG20,S3(3),DG20_S3(3),NA,0.95,0.3,0.19,6.2,13.8,PsyMac,NA,NA,NA,NA,NA
KDM4,S1,KDM4_S1,0.07,0.48,0.3,0.09,9.8,6,PsyNig,NA,NA,NA,NA,NA
EXTR1,S2(1),EXTR1_S2(1),0.43,2.5,1.7,4.2,19.5,32.5,PsyNig,0.993,2.436,0.086,0.089,0.154
EXTR1,S2(2),EXTR1_S2(2),0.48,2.39,0.74,0.75,12,14,PsyNig,0.142,0.195,0.046,0.055,0.225
EXTR1,S2(3),EXTR1_S2(3),0.22,1.11,0.53,0.21,10,9.5,PsyNig,0.089,0.049,NA,NA,0.115
EXTR1,S2(4),EXTR1_S2(4),2.63,11.38,3.05,1.37,22.5,16,PsyNig,0.827,0.573,0.259,0.268,1.19
EXTR1,S2(5),EXTR1_S2(5),2.12,10.4,3.03,2.06,23,22.5,PsyNig,NA,NA,NA,NA,NA
KDM41,S10,KDM41_S10,1.77,9.36,4.24,2.82,25,11,PsyNig,NA,NA,NA,NA,NA
KDM41,S10(2),KDM41_S10(2),1.1,4.52,1.16,1.24,11.5,13,PsyNig,0.229,0.384,0.108,0.12,0.44
KDM43,S2,KDM43_S2,0.62,1.71,0.44,1.37,12,NA,PsyNig,NA,NA,NA,NA,NA
KDM13,S2,KDM13_S2,2.57,18.09,8.33,3.01,12.4,18.4,PsyNig,2.563,1.226,0.403,0.346,1.326
KDM13,S2(2),KDM13_S2(2),0.64,6.44,3.37,0.62,29.2,12.8,PsyNig,0.989,0.256,0.16,0.14,0.393
KDM13,S2(3),KDM13_S2(3),0.48,2.69,1.32,0.27,20,5.4,PsyNig,0.29,0.087,0.042,0.043,0.161
KDM13,S4,KDM13_S4,0.07,0.43,0.18,0.09,12.8,5.8,PsyNig,0.111,0.062,0.015,0.016,0.065
KDM13,S4(2),KDM13_S4(2),0.07,0.56,0.19,0.08,14.5,8.5,PsyNig,0.114,0.056,0.017,0.019,0.115
KDM13,S4(3),KDM13_S4(3),0.22,1.37,0.3,0.38,14.2,13.2,PsyNig,0.186,0.254,0.052,0.046,0.333
KDM13,S4(4),KDM13_S4(4),0.12,2.05,1.76,1.65,15,9.8,PsyNig,0.471,0.583,0.009,0.007,0.016
KDM13,S4(5),KDM13_S4(5),0.01,0.2,0.08,0.02,11.5,4.2,PsyNig,0.049,0.026,NA,NA,0.054
KDM13,S4(6),KDM13_S4(6),0.08,0.52,0.13,0.11,10.8,7.8,PsyNig,0.084,0.076,0.017,0.016,0.146
KDM13,S4(7),KDM13_S4(7),0.01,0.4,0.21,0.13,15.5,6,PsyNig,0.139,0.085,0.028,0.031,0.027
KDM13,S4(8),KDM13_S4(8),0.16,1.02,0.26,0.23,13.8,13.5,PsyNig,0.182,0.147,0.036,0.046,0.246
KDM13,S4(9),KDM13_S4(9),0.14,1.1,0.33,0.25,15.8,8.8,PsyNig,0.199,0.167,0.036,0.037,0.264
KDM15,S6(1),KDM15_S6(1),0.28,3.9,3.1,3.65,22.6,19.8,PsyNig,0.766,NA,NA,NA,0.147
KDM15,S6(2),KDM15_S6(2),0.24,4.23,3.27,4.12,25,26.2,PsyNig,0.725,1.518,0.041,0.071,0.169
KDM16,S1(1),KDM16_S1(1),0.31,1.67,0.57,0.15,10.6,11.3,PsyNig,0.112,0.046,0.035,0.038,0.139
KDM16,S1(2),KDM16_S1(2),0.74,4.63,1.58,0.65,17.8,15.4,PsyNig,0.411,0.2511,0.095,0.082,0.423
KDM16,S1(3),KDM16_S1(3),0.44,1.32,0.46,0.47,13.2,15.2,PsyNig,0.219,0.235,0.088,NA,0.233
KDM16,S1(4),KDM16_S1(4),0.24,1.29,0.67,0.14,13.2,9.2,PsyNig,0.176,0.07,NA,NA,0.131
KDM16,S1(5),KDM16_S1(5),0.69,3.25,0.79,0.33,22.4,13,PsyNig,0.297,0.163,0.069,0.078,0.389
KDM16,S1(6),KDM16_S1(6),2.04,11.64,4.45,2.53,24.2,29.2,PsyNig,1.164,1.081,0.291,0.132,1.082
KDM26,S2(1),KDM26_S2(1),0.64,2.54,0.81,0.3,12,3,PsyNig,0.184,0.071,0.06,0.055,0.211
KDM29,S1(1),KDM29_S1(1),-,3.27,2.31,1.68,24.9,32.8,PsyNig,0.984,0.797,0.085,0.06,0.181
KDM29,S1(2),KDM29_S1(2),0.39,3.98,1.99,1.49,19.4,26.3,PsyNig,0.751,0.7,0.045,0.052,0.416
KDM31,S1,KDM31_S1,1.49,6.52,3.29,0.82,29.2,16.8,PsyNig,0.898,0.295,0.108,0.113,0.3
KDM32,S1,KDM32_S1,1.22,6.56,2.61,1.24,22.2,18,PsyNig,0.543,0.382,0.134,0.139,0.513
KDM36,S1(1),KDM36_S1(1),0.28,2.03,1.19,0.23,17,7.8,PsyNig,0.225,0.056,0.107,0.03,0.023
KDM36,S1(2),KDM36_S1(2),1.31,5.79,2.33,0.99,20.4,9.2,PsyNig,0.581,0.34,0.143,0.129,0.393
KDM36,S1(3),KDM36_S1(3),0.28,1.05,0.48,0.37,9.8,11.8,PsyNig,0.09,0.08,0.023,0.022,0.04
KDM36,S1(4),KDM36_S1(4),0.19,1.13,0.37,0.53,7,11.5,PsyNig,0.089,0.194,0.018,0.027,0.13
KDM36,S1(5),KDM36_S1(5),0.3,1.48,0.36,0.37,7.4,11.5,PsyNig,0.08,0.129,0.024,0.028,0.171
KDM36,S1(6),KDM36_S1(6),0.55,1.74,0.7,0.67,9.4, ,PsyNig,0.188,0.26,0.06,0.058,0.11
KDM36,S1(7),KDM36_S1(7),0.88,4.48,1.35,0.74,15,9,PsyNig,0.283,0.285,0.112,0.071,0.464
KDM36,S1(8),KDM36_S1(8),2.23,14.35,3.7,4.1,22,22.2,PsyNig,1.011,1.771,0.339,0.179,2.046
KDM37,S1(1),KDM37_S1(1),0.36,1.34,0.51,0.81,9.8,18,PsyNig,0.123,0.222,0.036,0.035,0.103
KDM37,S1(2),KDM37_S1(2),1.75,7.69,2.69,2.89,17.4,15.6,PsyNig,0.695,0.929,0.21,0.202,0.768
KDM37,S1(3),KDM37_S1(3),1.78,11.03,4.02,1.07,35.2,8.2,PsyNig,1.198,0.547,0.254,0.121,1.186
KT1,S1,KT1_S1,0.93,4.25,1.25,4.1,33.2,18,PsyNig,0.393,1.655,0.146,0.122,0.479
KT2,S1,KT2_S1,0.23,1.5,0.79,0.28,11,8.8,PsyNig,1.531,0.424,0.023,0.022,0.089
KT5,S1,KT5_S1,0.18,1.34,0.61,0.15,11.5,8.2,PsyNig,NA,NA,NA,NA,NA
KT9,S1(1),KT9_S1(1),0.24,1.29,0.52,0.15,9.6,6.8,PsyNig,NA,NA,NA,NA,NA
KT9,S1(2),KT9_S1(2),0.15,1.12,0.51,0.13,10.6,9.4,PsyNig,0.129,0.036,0.016,0.014,0.062
KT14,S1(1),KT14_S1(1),1.43,5.68,1.67,0.62,17.5,18.1,PsyNig,0.241,0.234,0.126,0.129,0.546
KT18,S1,KT18_S1,1.57,10.35,4.23,1.32,30,10.7,PsyNig,1.323,0.573,0.157,0.172,0.92
KT18,S3,KT18_S3,0.36,1.84,1.21,1.7,13.4,18.3,PsyNig,NA,NA,NA,NA,NA
KT35,S1(1),KT35_S1(1),0.48,1.79,0.87,0.13,14,5.4,PsyNig,0.14,0.033,0.046,0.036,0.07
KT35,S1(2),KT35_S1(2),0.52,1.96,0.72,0.18,11,8.6,PsyNig,0.127,0.046,0.043,0.04,0.101
VG1,S1(1),VG1_S1(1),0.56,4.32,2.68,0.69,29.1,7.5,PsyNig,NA,NA,NA,NA,NA
VG4,S2(1),VG4_S2(1),NA,0.58,0.29,0.18,19.8,7.8,PsyNig,NA,NA,NA,NA,NA
VG4,S2(2),VG4_S2(2),NA,0.42,0.27,0.08,16.5,16,PsyNig,NA,NA,NA,NA,NA
VG5,S1,VG5_S1,0.33,3.42,2.14,0.77,22.4,13,PsyNig,0.46,0.214,0.026,0.028,0.154
VG7,S5(1),VG7_S5(1),0.19,1.35,0.51,0.68,11,16.4,PsyNig,NA,NA,NA,NA,NA
VG7,S5(2),VG7_S5(2),NA,13.78,7.43,5.05,40.2,25,PsyNig,NA,NA,NA,NA,NA
VG7,S5(3),VG7_S5(3),NA,5.13,2.46,1.41,31,19,PsyNig,NA,NA,NA,NA,NA
DG1,S6 (1),DG1_S6 (1),0.58,2.49,0.96,0.32,15,7.7,PsyNig,NA,NA,NA,NA,NA
DG1,S6 (2),DG1_S6 (2),0.21,1.01,0.49,0.1,11,6.2,PsyNig,NA,NA,NA,NA,NA
DG2,S8,DG2_S8,0.25,1.07,0.5,12.6,0.13,6.3,PsyNig,0.088,0.031,0.024,0.024,0.06
VG13,S3,VG13_S3,NA,2.19,1.39,0.67,21.3,19.7,PsyNig,0.576,0.331,0.042,0.03,0.084
VG12,S1,VG12_S1,1.73,6.48,2.2,1.57,18.8,13,PsyNig,0.723,0.708,0.229,0.179,1.101
DG9,S5(1),DG9_S5(1),1.38,6.57,2.36,0.62,22.6,14.6,PsyNig,0.788,0.282,0.154,0.193,0.714
DG9,S5(2),DG9_S5(2),NA,1.71,0.54,0.58,9.3,14.4,PsyNig,NA,NA,NA,NA,NA
DG9,S5(3),DG9_S5(3),NA,1.41,0.51,0.19,10.8,8.6,PsyNig,0.17,0.086,0.05,0.045,0.188
DG9,S5(4),DG9_S5(4),0.48,1.86,0.75,0.16,14.8,7.6,PsyNig,0.284,0.082,0.066,0.065,0.191
VG16,S1(1),VG16_S1(1),NA,2.43,1.5,0.74,27.2,12.5,PsyNig,0.884,0.39,0.18,0.132,0.527
VG16,S1(2),VG16_S1(2),NA,2.88,1.61,0.83,20.2,9.6,PsyNig,0.656,0.383,NA,NA,0.833
VG16,S1(3),VG16_S1(3),NA,4.54,3.54,0.95,41.2,7.6,PsyNig,1.782,0.486,0.219,0.119,0.467
VG24,S1(1),VG24_S1(1),0.25,0.89,0.35,0.19,8,8.6,PsyNig,0.206,0.372,0.057,0.071,0.247
VG24,S1(2),VG24_S1(2),0.35,2.57,0.76,0.9,10.2,22.2,PsyNig,NA,NA,NA,NA,NA
VG23,S1(1),VG23_S1(1),0.52,2.36,0.85,1.2,10.6,21.8,PsyNig,2.115,1.037,0.171,0.136,0.743
VG23,S1(2),VG23_S1(2),0.31,1.91,0.73,0.1,14,9.4,PsyNig,1.383,0.907,0.127,0.158,0.541
VG29,S3(1),VG29_S3(1),1.29,5.6,2.12,1.02,18.5,15,PsyNig,0.527,0.384,0.14,0.12,0.427
VG29,S3(2),VG29_S3(2),0.33,0.89,0.22,0.45,8,11.6,PsyNig,0.088,0.19,0.049,0.046,0.115
VG29,S3(3),VG29_S3(3),NA,4.64,1.69,1.3,12.8,10.8,PsyNig,0.387,0.462,0.11,NA,0.634
VG29,S3(4),VG29_S3(4),NA,4.67,1.63,0.85,17.5,29.7,PsyNig,0.471,0.323,0.101,0.095,0.466
VG29,S3(5),VG29_S3(5),0.35,3,1.18,0.63,14.6,14.4,PsyNig,0.323,0.268,0.066,NA,0.298
VG41,S1,VG41_S1,0.74,3.07,1.17,0.31,5.4,15.2,PsyNig,0.314,0.117,0.078,0.07,0.238
VG42,S6 (1),VG42_S6 (1),0.16,1.17,0.63,0.1,11,5.2,PsyNig,NA,NA,NA,NA,NA
VG42,S6 (2),VG42_S6 (2),0.22,1.42,0.92,0.16,16.3,10.3,PsyNig,NA,NA,NA,NA,NA
VG42,S6 (3),VG42_S6 (3),0.09,0.81,0.58,0.03,12.8,6.5,PsyNig,NA,NA,NA,NA,NA
VG42,S6 (4),VG42_S6 (4),0.12,0.71,0.39,0.06,11.3,4.6,PsyNig,NA,NA,NA,NA,NA
VG42,S6 (5),VG42_S6 (5),0.13,0.81,0.59,0.11,13.6,8.3,PsyNig,NA,NA,NA,NA,NA
VG42,S6 (6),VG42_S6 (6),0.14,0.73,0.35,0.12,9.6,7.5,PsyNig,NA,NA,NA,NA,NA
VG43,S1,VG43_S1,NA,4.94,2.1,0.9,25.4,14.6,PsyNig,1.065,0.5,0.282,0.295,0.804
DG12,S6(2),DG12_S6(2),0.51,2.11,1.24,0.42,19.4,16.4,PsyNig,0.338,0.134,0.048,0.052,0.063
DG12,S6(3),DG12_S6(3),0.34,3.05,2.05,0.24,24.6,7.2,PsyNig,0.594,0.126,0.03,0.039,0.332
DG12,S6(4),DG12_S6(4),0.32,1.07,0.54,0.25,12,9,PsyNig,0.126,0.066,0.028,0.03,0.036
DG14,S5(7),DG14_S5(7),NA,2.33,1.22,0.41,19.4,10.8,PsyNig,0.582,0.205,0.098,0.081,0.308
DG14,S5(8),DG14_S5(8),NA,0.62,0.46,0.11,17.2,5.4,PsyNig,0.273,0.069,NA,NA,0.111
DG14,S5(9),DG14_S5(9),NA,0.23,0.11,0.08,8.2,9.4,PsyNig,0.057,0.046,0.017,0.014,0.033
DG14,S5(10),DG14_S5(10),NA,2.27,1.42,0.95,23,13.6,PsyNig,0.781,0.497,0.15,NA,0.549
DG14,S5(11),DG14_S5(11),NA,0.35,0.23,0.15,11.6,11.6,PsyNig,0.146,0.086,NA,NA,0.088
DG14,S5(12),DG14_S5(12),NA,1.17,0.66,0.49,16.2,24,PsyNig,0.339,0.275,0.053,NA,0.213
DG15,S2(1),DG15_S2(1),NA,13.49,6.41,3.4,41.6,21.4,PsyNig,2.8,1..576,0.342,0.346,1.666
DG15,S2(2),DG15_S2(2),NA,6.54,3.15,0.94,24.2,12.6,PsyNig,0.902,0.376,NA,NA,0.615
DG15,S2(3),DG15_S2(3),1.92,8.02,3.97,1.38,28.6,9,PsyNig,1.223,0.586,0.193,0.188,0.402
DG15,S2(4),DG15_S2(4),0.66,5.22,2.36,0.69,19.2,7.8,PsyNig,0.629,0.232,0.122,NA,0.505
DG15,S2(5),DG15_S2(5),2.06,7.11,2.2,3.61,15,31.2,PsyNig,0.516,1.156,0.192,0.211,0.543
DG15,S2(6),DG15_S2(6),0.6,3.41,0.92,0.9,10.4,14.6,PsyNig,0.215,0.289,0.052,0.06,0.357
DG15,S2(7),DG15_S2(7),0.43,1.58,0.64,0.32,10,7.4,PsyNig,0.13,0.079,0.04,0.037,0.08
DG15,S2(8),DG15_S2(8),0.41,2.03,0.88,0.26,11.6,10,PsyNig,0.204,0.079,0.035,0.037,0.139
DG15,S2(9),DG15_S2(9),NA,1.75,0.74,0.33,13.6,13,PsyNig,0.161,0.081,0.032,0.038,0.108
DG15,S2(10),DG15_S2(10),0.61,2.12,0.83,0.3,12.2,8.4,PsyNig,0.196,0.1,0.065,0.05,0.116
DG15,S2(11),DG15_S2(11),0.4,1.68,0.87,0.15,12.8,6,PsyNig,0.184,0.052,0.041,0.039,0.075
DG15,S2(12),DG15_S2(12),0.83,2.86,1.1,0.41,13.4,10.6,PsyNig,0.28,0.139,0.08,0.075,0.16
DG15,S2(13),DG15_S2(13),0.3,1.17,0.49,0.22,9.2,5.2,PsyNig,0.09,0.056,0.027,0.029,0.067
DG15,S2(14),DG15_S2(14),0.28,1.59,0.67,0.35,10.2,16.3,PsyNig,0.141,0.078,0.036,0.012,0.067
DG15,S2(15),DG15_S2(15),0.5,2.21,0.82,0.27,10.6,4.6,PsyNig,0.189,0.076,0.053,0.036,0.149
DG15,S2(16),DG15_S2(16),0.68,2.34,0.93,0.22,12.8,3.2,PsyNig,NA,NA,NA,NA,NA
DG15,S2(17),DG15_S2(17),0.5,2.11,0.96,0.3,14.2,11.2,PsyNig,0.206,0.091,0.041,0.048,0.126
DG15,S2(18),DG15_S2(18),0.49,2.04,0.85,0.38,11.4,9.5,PsyNig,0.182,0.117,0.052,0.046,0.118
DG10,S4(1),DG10_S4(1),1.75,8.23,3.66,3.11,21.2,67.7,PsyNig,1.079,1.074,0.19,0.175,0.528
DG10,S4(2),DG10_S4(2),0.85,2.72,1.43,0.28,16,5.6,PsyNig,0.596,0.148,0.154,0.135,0.148
DG10,S4(3),DG10_S4(3),NA,14.2,9.93,4.4,51.2,53.2,PsyNig,4.183,2.124,0.247,0.252,1.65
DG10,S4(4),DG10_S4(4),NA,0.55,0.22,0.19,11.4,23,PsyNig,0.131,0.082,NA,NA,0.135
DG10,S4(5),DG10_S4(5),NA,NA,NA,NA,NA,NA,PsyNig,NA,NA,NA,NA,NA
DG10,S4(6),DG10_S4(6),NA,NA,NA,NA,NA,NA,PsyNig,NA,NA,NA,NA,NA
DG18,S2(1),DG18_S2(1),NA,4.05,2.72,1.34,31.4,17.6,PsyNig,NA,NA,NA,NA,NA
DG18,S2(2),DG18_S2(2),0.73,3.08,1.81,1.37,21.2,21.6,PsyNig,NA,NA,NA,NA,NA
DG18,S2(3),DG18_S2(3),0.24,1.18,0.46,0.18,9.4,10.2,PsyNig,NA,NA,NA,NA,NA
DG18,S2(4),DG18_S2(4),0.2,0.78,0.37,0.14,8.8,5.8,PsyNig,NA,NA,NA,NA,NA
DG18,S2(5),DG18_S2(5),0.33,2.44,1.12,0.32,15.8,9,PsyNig,NA,NA,NA,NA,NA
DG18,S2(6),DG18_S2(6),0.27,1.27,0.62,0.28,10.8,9,PsyNig,NA,NA,NA,NA,NA
DG18,S2(7),DG18_S2(7),0.18,0.9,0.35,0.18,8.6,11,PsyNig,NA,NA,NA,NA,NA
DG16,S3(1),DG16_S3(1),0.4,2.77,1.04,NA,14.4,NA,PsyNig,NA,NA,NA,NA,NA
DG19,S8(1),DG19_S8(1),0.08,2.12,1.35,0.42,21.2,22,PsyNig,NA,NA,NA,NA,NA
DG19,S8(2),DG19_S8(2),0.24,0.99,0.56,0.32,11,14.4,PsyNig,NA,NA,NA,NA,NA
DG19,S8(3),DG19_S8(3),0.18,1.27,0.93,0.27,16.8,16.2,PsyNig,NA,NA,NA,NA,NA
DG20,S3(4),DG20_S3(4),0.36,1.94,1.12,0.78,16.8,15,PsyNig,NA,NA,NA,NA,NA
DG20,S3(5),DG20_S3(5),0.65,4.77,2.75,1.03,26.8,23,PsyNig,NA,NA,NA,NA,NA
DG20,S3(6),DG20_S3(6),0.51,2.68,0.93,0.44,12.6,11.4,PsyNig,NA,NA,NA,NA,NA
DG20,S3(7),DG20_S3(7),0.14,1.17,0.52,0.27,9.8,8.6,PsyNig,NA,NA,NA,NA,NA
KDM1,S1 (2),KDM1_S1 (2),1.78,5.04,1.81,1.43,18.2,11.1,PsyNig,NA,NA,NA,NA,NA
EXTR1,S1(1),EXTR1_S1(1),0.1,0.46,0.17,0.4,7,12.5,SymRac,0.041,0.146,NA,NA,0.073
EXTR1,S1(2),EXTR1_S1(2),0.16,1.03,0.37,0.36,11.5,10,SymRac,0.134,0.163,0.016,0.027,0.134
KDM41,S5,KDM41_S5,0.46,2.14,1.49,2.96,22,27,SymRac,NA,NA,0.051,0.072,NA
KDM41,S5,KDM41_S5,0.46,2.14,1.49,2.96,22,27,SymRac,1.277,0.499,NA,NA,NA
KDM41,S5(2),KDM41_S5(2),0.35,2.84,1.65,2.19,17.5,17.5,SymRac,NA,NA,NA,NA,0.412
KDM41,S5(2),KDM41_S5(2),0.35,2.84,1.65,2.19,17.5,17.5,SymRac,0.776,1.121,NA,NA,NA
KDM41,S5(3),KDM41_S5(3),0.23,0.89,0.62,0.23,11,11,SymRac,0.238,0.095,0.054,0.062,0.136
KDM15,S1(1),KDM15_S1(1),0.35,3.17,2.15,1.97,30.4,17.4,SymRac,0.687,0.758,0.139,NA,0.087
KDM15,S1(2),KDM15_S1(2),0.29,1.07,0.77,1.08,14,17.8,SymRac,0.537,NA,0.039,NA,0.04
KDM15,S1(2),KDM15_S1(2),0.29,1.07,0.77,1.08,14,17.8,SymRac,0.278,0.457,NA,NA,NA
KDM15,S1(3),KDM15_S1(3),0.04,0.44,0.28,0.28,13.2,10.8,SymRac,0.091,0.108,NA,NA,0.03
KDM26,S1(1),KDM26_S1(1),0.26,1.07,0.28,0.42,11.4,14,SymRac,0.107,0.104,0.036,0.044,0.127
KDM26,S1(2),KDM26_S1(2),0.08,0.55,0.11,0.29,5.6,12.6,SymRac,0.022,0.101,0.008,0.01,0.1
KDM44,S2,KDM44_S2,0.23,1.23,0.46,0.69,14.2,14,SymRac,0.175,0.315,0.031,0.021,0.154
KDM45,S2(1),KDM45_S2(1),0.74,3.29,1.2,1.65,19.2,15.4,SymRac,0.549,0.874,0.149,0.084,0.434
KDM45,S2(2),KDM45_S2(2),0.46,2.48,0.55,2.05,15.4,19.6,SymRac,0.244,1.017,0.075,0.072,0.575
KT3,S1,KT3_S1,0.18,1.33,0.73,0.93,14.6,15.7,SymRac,0.282,0.478,NA,0.044,0.118
KT6,S2(1),KT6_S2(1),0.74,3.53,1.28,2.16,15.5,10.5,SymRac,0.449,0.788,0.102,0.062,0.348
KT6,S2(2),KT6_S2(2),0.73,3.17,1.43,1.81,24.4,19.5,SymRac,0.529,0.852,0.098,0.114,0.238
KT6,S2(3),KT6_S2(3),0.11,1.74,1.26,2.98,12.2,14.8,SymRac,0.489,1.08,0.011,0.018,0.079
KT26,S1,KT26_S1,0.25,2.44,0.79,0.79,14.6,11.8,SymRac,0.301,0.322,0.034,0.027,0.392
VG6,S6,VG6_S6,1.03,9.91,4.36,9.47,29.1,20.4,SymRac,1.644,4.161,0.14,0.163,1.288
VG10,S3,VG10_S3,0.52,1.92,1.34,0.77,24.5,12.8,SymRac,NA,NA,NA,NA,NA
DG5,S3,DG5_S3,0.27,1.38,0.5,0.27,14.8,7.2,SymRac,0.23,0.152,0.057,0.049,0.205
VG29,S4(1),VG29_S4(1),0.39,2.31,1.12,0.86,23.6,14.4,SymRac,0.469,0.399,0.049,0.05,0.232
VG29,S4(2),VG29_S4(2),0.22,0.94,0.5,0.6,14.4,19.6,SymRac,0.184,0.26,0.024,0.031,0.071
VG29,S4(3),VG29_S4(3),0.51,4.2,2.54,1.33,26.4,7,SymRac,1.047,0.627,0.088,0.085,0.335
VG29,S4(4),VG29_S4(4),0.27,1.24,0.48,0.33,14.8,5.4,SymRac,0.194,0.14,0.034,0.032,0.149
VG29,S4(5),VG29_S4(5),0.18,0.92,0.37,0.44,14,13.2,SymRac,0.138,0.202,0.028,0.029,0.104
VG41,S7(1),VG41_S7(1),NA,1.75,0.84,0.84,18.3,13.2,SymRac,0.47,0.486,0.09,NA,0.233
DG12,S5(1),DG12_S5(1),0.08,0.38,0.19,0.14,11.2,10.8,SymRac,0.08,0.065,0.013,0.01,0.03
DG11,S1,DG11_S1,1.47,12.04,5.71,5.27,40.4,21.2,SymRac,NA,NA,NA,NA,NA
DG13,S9,DG13_S9,0.09,0.61,0.31,0.52,14.4,11.6,SymRac,0.139,0.242,0.017,0.016,0.056
EXTRA2,S1 (1),EXTRA2_S1 (1),1.17,9.38,5.74,4.7,35,17.4,SymRac,NA,NA,NA,NA,NA
EXTRA2,S1 (2),EXTRA2_S1 (2),0.28,6.93,4.85,2.08,30,11,SymRac,NA,NA,NA,NA,NA
EXTRA2,S1 (3),EXTRA2_S1 (3),0.07,0.4,0.21,0.06,11.3,6.2,SymRac,NA,NA,NA,NA,NA
EXTRA2,S1 (4),EXTRA2_S1 (4),0.28,1.48,0.63,0.56,13.1,10.9,SymRac,NA,NA,NA,NA,NA
EXTRA2,S1 (5),EXTRA2_S1 (5),0.07,0.85,0.6,0.52,21.1,8.1,SymRac,NA,NA,NA,NA,NA
EXTRA2,S1 (6),EXTRA2_S1 (6),0.03,0.07,0.08,0.05,7.6,2,SymRac,NA,NA,NA,NA,NA
EXTRA2,S1 (7),EXTRA2_S1 (7),1.19,5.21,2.13,4.17,25,26,SymRac,NA,NA,NA,NA,NA
EXTRA2,S1 (8),EXTRA2_S1 (8),0.24,0.82,0.34,0.58,11.1,14,SymRac,NA,NA,NA,NA,NA
KDM41,S12,KDM41_S12,0.1,1.12,0.92,4.58,11,15.5,Syz,NA,NA,NA,NA,NA
KDM41,S12(2),KDM41_S12(2),0.09,5.79,4.88,3.61,30,20,Syz,NA,NA,NA,NA,NA
KDM15,S4,KDM15_S4,0.22,5.71,2.95,4.68,27.2,22.2,Syz,1.551,2.622,0.099,0.07,0.896
KDM24,S2,KDM24_S2,0.09,3.55,2.8,2.49,14.2,35.6,Syz,1.4,1.347,0.022,0.024,0.252
KDM34,S2,KDM34_S2,0.42,1.49,0.51,0.4,18.2,9,Syz,0.176,0.167,0.037,0.055,0.148
KDM36,S3,KDM36_S3,0.02,0.15,0.05,0.09,9,9.2,Syz,0.026,0.047,0.005,0.004,0.04
KDM45,S1,KDM45_S1,0.16,2.57,1.17,0.88,39.2,17.4,Syz,0.581,0.464,0.027,0.023,0.424
KT1,S2,KT1_S2,0.27,4.69,3.51,2.43,51.5,18,Syz,NA,1.3,0.051,0.053,0.276
KT6,S3,KT6_S3,0.12,0.51,0.26,0.06,19.8,8.6,Syz,0.091,0.024,0.019,0.015,0.042
KT12,S1,KT12_S1,0.05,0.24,0.08,0.08,11.6,10.6,Syz,0.049,0.056,0.011,0.01,0.051
DG5,S2,DG5_S2,0.05,0.55,0.15,0.09,12.2,12.4,Syz,NA,NA,NA,NA,NA
VG27,S4,VG27_S4,0.39,1.53,0.46,0.36,16.2,9.2,Syz,0.21,0.181,0.053,0.046,0.225
VG27,S5,VG27_S5,0.08,2.37,1.71,0.69,47.2,6.5,Syz,1.01,0.43,0.042,NA,0.265
VG27,S6,VG27_S6,0.34,1.94,1.41,1.43,52.8,11.2,Syz,0.894,0.918,0.091,0.06,1.065
VG29,S8(1),VG29_S8(1),0.22,4.24,1.72,0.55,68,5.2,Syz,0.882,NA,0.042,0.048,1.251
VG29,S8(2),VG29_S8(2),0.06,0.63,0.18,0.14,16,9.6,Syz,0.099,0.079,0.009,0.012,0.152
VG29,S8(3),VG29_S8(3),0.17,7.32,4.34,3.29,132.4,24,Syz,2.728,2.034,0.043,0.055,1.934
VG29,S8(4),VG29_S8(4),0.3,6.18,3.48,1.51,70.6,11.6,Syz,1.98,0.854,0.074,0.078,1.203
VG29,S8(5),VG29_S8(5),0.15,4.76,2.48,1.17,49.8,22,Syz,1.518,0.731,0.045,0.04,1.267
VG29,S8(6),VG29_S8(6),0.45,9.35,5.6,2.04,113.1,28.4,Syz,3.526,1.236,0.142,0.138,2.283
VG29,S10,VG29_S10,0.31,1.3,0.56,0.29,24.4,7.2,Syz,0.262,0.138,0.047,0.049,0.153
VG32,S2(1),VG32_S2(1),0.07,1.33,0.9,1.56,35.8,22.4,Syz,0.498,0.834,0.01,0.008,0.155
VG32,S2(2),VG32_S2(2),0.08,3.77,2.92,1.52,65.2,13,Syz,1.58,0.863,0.021,0.017,0.344
VG41,S6,VG41_S6,0.27,1.39,0.45,0.38,19.2,8.6,Syz,0.262,0.22,0.094,0.061,0.4
DG13,S1(1),DG13_S1(1),0.03,0.35,0.14,0.12,12,12.2,Syz,0.056,0.06,0.006,0.007,0.028
DG13,S1(2),DG13_S1(2),0.05,0.43,0.13,0.05,14.6,2.6,Syz,0.078,0.023,0.01,0.012,0.089
DG13,S1(3),DG13_S1(3),0.08,0.79,0.27,0.2,15.8,12,Syz,0.152,0.114,0.014,0.016,0.177
DG13,S1(4),DG13_S1(4),0.02,0.44,0.3,0.37,13.4,4.8,Syz,0.172,0.199,0.01,0.009,0.033
DG13,S1(5),DG13_S1(5),0.05,0.3,0.07,0.1,8.8,18.6,Syz,0.038,0.059,0.009,0.008,0.069
DG13,S1(6),DG13_S1(6),0.09,0.74,0.21,0.19,13,7.4,Syz,0.115,0.117,0.02,0.015,0.175
DG13,S1(7),DG13_S1(7),0.06,0.34,0.15,0.07,15.2,6.6,Syz,NA,NA,NA,NA,NA
DG13,S1(8),DG13_S1(8),NA,4.02,2.22,3.42,92.8,28.8,Syz,1.904,2.287,0.076,0.042,1.027
DG14,S3(1),DG14_S3(1),NA,0.15,0.03,0.22,6.8,17.8,Syz,0.036,0.178,0.013,0.009,0.078
DG14,S3(2),DG14_S3(2),NA,2.96,2.33,1.16,53.8,18,Syz,1.623,0.795,0.088,0.09,0.364
DG14,S3(3),DG14_S3(3),NA,0.94,0.65,0.27,30.9,7.2,Syz,0.494,0.183,0.025,0.036,0.192
DG14,S3(4),DG14_S3(4),NA,1.22,0.76,0.44,29.6,11.6,Syz,0.564,0.31,0.05,0.047,0.312
DG14,S3(5),DG14_S3(5),NA,4.4,2.38,3.61,48.8,22.4,Syz,1.521,2.218,0.094,0.077,1.409
DG14,S3(6),DG14_S3(6),NA,0.36,0.17,0.15,15,10.6,Syz,0.12,0.098,NA,NA,0.153
DG14,S3(7),DG14_S3(7),NA,0.79,0.54,0.5,18.8,19.6,Syz,0.322,0.313,0.036,0.035,0.157
DG15,S1,DG15_S1,0.85,6.89,1.56,0.83,34.6,13.8,Syz,0.897,0.504,0.155,0.155,1.832
DG18,S1(1),DG18_S1(1),NA,3.71,2.59,1.72,80.2,12.2,Syz,NA,NA,NA,NA,NA
DG18,S1(2),DG18_S1(2),NA,5.24,5.08,3.56,102.4,19.6,Syz,NA,NA,NA,NA,NA
DG18,S1(3),DG18_S1(3),NA,4,3.04,3.03,78.6,15.4,Syz,NA,NA,NA,NA,NA
DG18,S1(4),DG18_S1(4),NA,2.74,1.92,1.1,56.2,21,Syz,NA,NA,NA,NA,NA
DG18,S1(5),DG18_S1(5),NA,3.14,1.64,0.72,56.4,8.8,Syz,NA,NA,NA,NA,NA
DG18,S1(6),DG18_S1(6),0.16,1.28,0.57,0.52,22.5,12.2,Syz,NA,NA,NA,NA,NA
DG18,S1(7),DG18_S1(7),0.07,1.36,0.87,0.29,36.4,6.5,Syz,NA,NA,NA,NA,NA
DG18,S1(8),DG18_S1(8),NA,1.3,1.02,0.55,20.4,11.4,Syz,NA,NA,NA,NA,NA
DG18,S1(9),DG18_S1(9),NA,0.74,0.65,1.12,45.2,20,Syz,NA,NA,NA,NA,NA
DG18,S1(10),DG18_S1(10),NA,1.78,1.29,0.33,39.4,4.6,Syz,NA,NA,NA,NA,NA
DG18,S1(11),DG18_S1(11),NA,0.75,0.38,0.46,24,24,Syz,NA,NA,NA,NA,NA
DG16,S1(1),DG16_S1(1),0.18,0.55,0.79,0.48,27,11.6,Syz,0.076,0.071,0.027,0.027,0.04
DG19,S9(1),DG19_S9(1),0.19,2.32,0.94,0.67,31.6,8.6,Syz,NA,NA,NA,NA,NA
DG19,S9(2),DG19_S9(2),NA,0.9,0.89,0.26,39.4,11.6,Syz,NA,NA,NA,NA,NA
DG19,S9(3),DG19_S9(3),NA,0.39,0.34,0.34,18.4,15.8,Syz,NA,NA,NA,NA,NA
DG19,S9(4),DG19_S9(4),NA,0.41,0.21,0.58,18.6,24.2,Syz,NA,NA,NA,NA,NA
DG19,S9(5),DG19_S9(5),NA,0.18,0.08,0.05,13.2,10.8,Syz,NA,NA,NA,NA,NA
DG19,S9(6),DG19_S9(6),NA,0.36,0.16,NA,16.6,NA,Syz,NA,NA,NA,NA,NA
DG19,S9(7),DG19_S9(7),NA,1.12,1.02,0.84,38,20,Syz,NA,NA,NA,NA,NA
DG21,S1(1),DG21_S1(1),0.21,1.71,0.54,0.49,17,12.4,Syz,0.317,0.195,0.018,0.023,0.091
DG21,S1(2),DG21_S1(2),0.22,1.69,0.59,0.22,20,2.4,Syz,0.7,1.509,0.098,0.061,0.534
DG21,S1(3),DG21_S1(3),NA,1.66,0.64,1.5,28,17.2,Syz,NA,NA,NA,NA,NA
DG21,S1(4),DG21_S1(4),0.13,0.86,0.24,0.23,15.2,11.6,Syz,NA,NA,NA,NA,NA
DG21,S1(5),DG21_S1(5),0.18,2.49,1.08,0.52,37.2,16,Syz,NA,NA,NA,NA,NA
EXTRA2,S2,EXTRA2_S2,0.4,3.89,2,1.04,21,7,Syz,NA,NA,NA,NA,NA
KDM24,S1,KDM24_S1,0.31,2.97,1.89,NA,22.2,NA,wavy,NA,NA,0.063,0.091,0.393
KDM24,S1,KDM24_S1,0.31,2.97,1.89,NA,22.2,NA,wavy,1.032,NA,NA,NA,NA
KDM36,S7,KDM36_S7,NA,NA,NA,NA,NA,NA,wavy,NA,NA,NA,NA,NA
VG3,S1(1),VG3_S1(1),NA,1.73,1.13,1.83,52.8,17.4,wavy,NA,NA,NA,NA,NA
VG3,S1(2),VG3_S1(2),NA,6.44,5.59,6.57,26.2,22.5,wavy,0.586,1.269,0.097,0.103,0.386
VG3,S1(2),VG3_S1(2),NA,6.44,5.59,6.57,43.2,22.5,wavy,3.703,4.058,0.136,NA,0.67
VG3,S1(3),VG3_S1(3),NA,2.25,1.81,2.01,42,34.4,wavy,1.661,1.436,0.075,0.099,0.25
VG18,S1(1),VG18_S1(1),NA,NA,NA,NA,28.8,13.3,wavy,0.742,0.814,0.163,0.071,0.297
VG18,S1 (2),VG18_S1 (2),NA,NA,NA,NA,20.3,6.4,wavy,NA,NA,NA,NA,NA
VG18,S1(3),VG18_S1(3),NA,NA,NA,NA,31,15.3,wavy,1.259,0.103,0.095,0.096,0.286
VG18,S1 (4),VG18_S1 (4),NA,NA,NA,NA,15.1,7.2,wavy,NA,NA,NA,NA,NA
VG18,S1 (5),VG18_S1 (5),NA,NA,NA,NA,19.2,13.2,wavy,NA,NA,NA,NA,NA
VG18,S1 (6),VG18_S1 (6),NA,NA,NA,NA,13.6,6.4,wavy,NA,NA,NA,NA,NA
VG18,S1 (7),VG18_S1 (7),NA,NA,NA,NA,38.3,9.8,wavy,NA,NA,NA,NA,NA
VG18,S1 (8),VG18_S1 (8),NA,NA,NA,NA,15.3,10.2,wavy,NA,NA,NA,NA,NA
VG18,S1(9),VG18_S1(9),NA,NA,NA,NA,27.3,10.2,wavy,1.046,1.032,NA,NA,0.365
VG18,S1 (10),VG18_S1 (10),NA,NA,NA,NA,27.3,9.3,wavy,NA,NA,NA,NA,NA
VG18,S1 (11),VG18_S1 (11),NA,NA,NA,NA,50.3,36,wavy,NA,NA,NA,NA,NA
VG18,S1 (12),VG18_S1 (12),NA,NA,NA,NA,39,15.2,wavy,NA,NA,NA,NA,NA
VG15,S5,VG15_S5,NA,4.71,2.93,8.32,27.6 + 35.6 + 11.2,36.8,wavy,2.513,6.916,NA,NA,1.74
DG2,S2(1),DG2_S2(1),NA,NA,NA,NA,NA,NA,wavy,0.524,1.113,NA,0.023,0.401
DG2,S2(2),DG2_S2(2),NA,NA,NA,NA,NA,NA,wavy,1.04,0.775,NA,0.196,0.707
DG2,S2(3),DG2_S2(3),NA,NA,NA,NA,NA,NA,wavy,0.469,1.661,NA,0.221,0.711
DG2,S2(4),DG2_S2(4),NA,NA,NA,NA,NA,NA,wavy,2.624,2.106,NA,0.191,0.58
DG2,S2(5),DG2_S2(5),NA,NA,NA,NA,NA,NA,wavy,0.808,0.445,NA,0.132,0.32
DG2,S2(6),DG2_S2(6),NA,NA,NA,NA,NA,NA,wavy,0.414,0.43,NA,0.074,0.203
VG31,S5,VG31_S5,0.45,3.54,2.05,2.93,33.8,13.2,wavy,1.557,1.977,NA,0.416,0.92
VG21,S3(2),VG21_S3(2),NA,0.2,0.12,0.78,10.6,26.4,wavy,0.707,0.121,NA,NA,0.071
VG21,S3(3),VG21_S3(3),NA,4.65,2.81,1.6,36.4,19.4,wavy,2.125,1.183,NA,NA,1.827
VG21,S3(4,VG21_S3(4,NA,NA,NA,NA,NA,NA,wavy,0.057,0.054,NA,NA,0.082
VG21,S3(5,VG21_S3(5,NA,NA,NA,NA,NA,NA,wavy,0.66,0.13,NA,NA,0.193
VG21,S3(6,VG21_S3(6,NA,NA,NA,NA,NA,NA,wavy,0.275,0.12,NA,NA,0.066
VG21,S3(7,VG21_S3(7,NA,NA,NA,NA,NA,NA,wavy,0.086,0.096,NA,NA,0.176
DG8,S3(1),DG8_S3(1),NA,1.89,0.99,1.61,32,19,wavy,0.801,1.214,NA,NA,0.793
DG8,S3(2),DG8_S3(2),NA,1.15,0.6,1.15,24,15.6,wavy,0.337,0.971,NA,NA,0.489
DG6,S3(3),DG6_S3(3),NA,0.28,0.12,0.09,13,12.2,wavy,0.087,0.067,NA,NA,0.144
DG6,S3(1),DG6_S3(1),NA,0.9,0.55,0.44,18.6,11.5 + 6.6,wavy,0.431,0.341,NA,NA,0.33
KT8,S3,KT8_S3,0.6,4.8,2.25,6.24,46.4,30.2,wavy,2.124,3.967,NA,0.229,0.693
KT11,S2(2),KT11_S2(2),0.42,0.76,0.34,1.35,17.5,28.6,wavy,0.178,0.713,NA,0.202,NA
KT13,S1(1),KT13_S1(1),0.92,3.52,1.34,1.58,24.2 + 8.8,10.8,wavy,0.801,0.96,NA,0.464,0.567
KT13,S1(2),KT13_S1(2),0.37,1.36,0.5,0.56,16.2,11,wavy,0.286,0.339,NA,0.179,0.252
KT13,S1(3),KT13_S1(3),0.24,1.54,0.48,0.89,17.5,17.8,wavy,0.232,0.622,NA,0.123,0.361
VG8,S3,VG8_S3,NA,NA,NA,NA,NA,NA,wavy,0.689,0.879,NA,0.374,0.599
VG9,S4,VG9_S4,NA,NA,NA,NA,NA,NA,wavy,0.914,1.231,NA,NA,0.746
